{
    "1189.2": {
        "relative_max": 0.00047869873195000907,
        "relative_mean": 7.335670325601753e-05
    },
    "823.1": {
        "relative_max": 0.00020717793231041822,
        "relative_mean": 1.9464751266016053e-05
    },
    "1081.5": {
        "relative_max": 0.0013670270110199372,
        "relative_mean": 0.00022570192341781747
    },
    "1200.0": {
        "relative_max": 0.0001337511464886332,
        "relative_mean": 1.3614357309934253e-05
    },
    "909.2": {
        "relative_max": 0.0006177143532875961,
        "relative_mean": 8.959093071376085e-06
    },
    "898.5": {
        "relative_max": 0.0011965519250695237,
        "relative_mean": 0.00019882595966650175
    },
    "876.9": {
        "relative_max": 0.00028759991734589904,
        "relative_mean": 4.385548882654684e-05
    },
    "1016.9": {
        "relative_max": 0.0014471257177804376,
        "relative_mean": 0.00023884899350267957
    },
    "1113.8": {
        "relative_max": 0.0005134668447284664,
        "relative_mean": 8.101811632883642e-05
    },
    "1156.9": {
        "relative_max": 0.0006111769756504923,
        "relative_mean": 9.988585971562964e-05
    },
    "1135.4": {
        "relative_max": 0.00036405916148508536,
        "relative_mean": 5.0392891304242415e-05
    },
    "973.8": {
        "relative_max": 0.000285200645372773,
        "relative_mean": 3.8644049191521385e-05
    },
    "1103.1": {
        "relative_max": 0.0003319079841384268,
        "relative_mean": 4.7058250230595965e-05
    },
    "984.6": {
        "relative_max": 0.0005406714599493863,
        "relative_mean": 8.645393697782747e-05
    },
    "1070.8": {
        "relative_max": 0.0005503982401616983,
        "relative_mean": 8.363544599089123e-05
    },
    "801.5": {
        "relative_max": 0.0005538377440914881,
        "relative_mean": 8.624130950888069e-05
    },
    "844.6": {
        "relative_max": 0.0006123747407079126,
        "relative_mean": 0.00010281566540671185
    },
    "1092.3": {
        "relative_max": 0.00036499769801799734,
        "relative_mean": 5.551953819374801e-05
    },
    "1124.6": {
        "relative_max": 0.0003140096334610859,
        "relative_mean": 4.8995429124307805e-05
    },
    "930.8": {
        "relative_max": 0.0005001729235214732,
        "relative_mean": 7.97954208629819e-05
    },
    "952.3": {
        "relative_max": 0.0013356526413918872,
        "relative_mean": 0.00022276698045139406
    },
    "1146.2": {
        "relative_max": 0.001308505316512506,
        "relative_mean": 0.0002136190987527136
    },
    "1060.0": {
        "relative_max": 0.0002476774324363585,
        "relative_mean": 3.714833614688454e-05
    },
    "812.3": {
        "relative_max": 0.0006116190606328123,
        "relative_mean": 9.882617016940692e-05
    },
    "1178.5": {
        "relative_max": 0.00049484523787597,
        "relative_mean": 7.515974866271353e-05
    },
    "920.0": {
        "relative_max": 0.0005507908479514675,
        "relative_mean": 8.615064399981617e-05
    },
    "963.1": {
        "relative_max": 0.0005958496664424663,
        "relative_mean": 9.572673218267403e-05
    },
    "941.5": {
        "relative_max": 0.00021529407426327285,
        "relative_mean": 2.398413374525203e-05
    },
    "1027.7": {
        "relative_max": 0.000355520141875025,
        "relative_mean": 5.435518307371242e-05
    },
    "855.4": {
        "relative_max": 0.00043049319060357204,
        "relative_mean": 6.037560182759296e-05
    },
    "1049.2": {
        "relative_max": 0.0005204468786968919,
        "relative_mean": 8.262902532528489e-05
    },
    "866.2": {
        "relative_max": 0.0006737380591609935,
        "relative_mean": 0.0001079789748015427
    },
    "1167.7": {
        "relative_max": 0.00017730809201866324,
        "relative_mean": 1.8528517519773505e-05
    },
    "995.4": {
        "relative_max": 0.000322340758146249,
        "relative_mean": 4.806366989381983e-05
    },
    "833.8": {
        "relative_max": 0.0015278705804035724,
        "relative_mean": 0.00025930771090870854
    },
    "1038.5": {
        "relative_max": 0.0003619456352889756,
        "relative_mean": 5.288011357337077e-05
    },
    "1006.2": {
        "relative_max": 0.0005008674200708251,
        "relative_mean": 7.647163156240478e-05
    },
    "887.7": {
        "relative_max": 0.0008175114319186306,
        "relative_mean": 0.00013206284779801138
    }
}