{
    "1189.2": {
        "relative_max": 0.0007086193678428127,
        "relative_mean": 0.000104336968817952
    },
    "823.1": {
        "relative_max": 0.0013102224713119226,
        "relative_mean": 0.00020421143923116843
    },
    "1081.5": {
        "relative_max": 0.0017686788526022036,
        "relative_mean": 0.0002727185933507338
    },
    "1200.0": {
        "relative_max": 0.00017785378299559754,
        "relative_mean": 2.1695090971588377e-05
    },
    "909.2": {
        "relative_max": 0.0012929660614272862,
        "relative_mean": 0.00020021053673175763
    },
    "898.5": {
        "relative_max": 0.0006489648455085824,
        "relative_mean": 1.6677507450644516e-05
    },
    "876.9": {
        "relative_max": 0.0001805614327964116,
        "relative_mean": 1.833818775256439e-05
    },
    "1016.9": {
        "relative_max": 0.0019274711665209123,
        "relative_mean": 0.00029642679738334953
    },
    "1113.8": {
        "relative_max": 0.0007668398219180996,
        "relative_mean": 0.00011655803186993856
    },
    "1156.9": {
        "relative_max": 0.0008071308764584243,
        "relative_mean": 0.00012617924701206865
    },
    "1135.4": {
        "relative_max": 0.0005776974794357479,
        "relative_mean": 7.854404803108235e-05
    },
    "973.8": {
        "relative_max": 0.00017107933056525256,
        "relative_mean": 1.5796740421916547e-05
    },
    "1103.1": {
        "relative_max": 0.0005537808244904422,
        "relative_mean": 7.839946849705805e-05
    },
    "984.6": {
        "relative_max": 0.0005962026548600292,
        "relative_mean": 8.632594790732358e-05
    },
    "1070.8": {
        "relative_max": 0.0009517037946443321,
        "relative_mean": 0.0001432229220044182
    },
    "801.5": {
        "relative_max": 0.0005976200629684845,
        "relative_mean": 8.905615087123676e-05
    },
    "844.6": {
        "relative_max": 0.0005482411016874942,
        "relative_mean": 7.865985702044656e-05
    },
    "1092.3": {
        "relative_max": 0.00035440002922915647,
        "relative_mean": 5.195557391950761e-05
    },
    "1124.6": {
        "relative_max": 0.00042479272279578954,
        "relative_mean": 6.481473064058202e-05
    },
    "930.8": {
        "relative_max": 0.0005337642003908543,
        "relative_mean": 7.384487787312517e-05
    },
    "952.3": {
        "relative_max": 0.00040055710816407005,
        "relative_mean": 5.551692161876528e-05
    },
    "1146.2": {
        "relative_max": 0.002032649184847562,
        "relative_mean": 0.00031120272013209486
    },
    "1060.0": {
        "relative_max": 0.00024835906653927086,
        "relative_mean": 3.327176070351181e-05
    },
    "812.3": {
        "relative_max": 0.00018511562295870415,
        "relative_mean": 6.754834710766059e-06
    },
    "1178.5": {
        "relative_max": 0.0007439100313179229,
        "relative_mean": 0.00010773432557856397
    },
    "920.0": {
        "relative_max": 0.0004264120842009112,
        "relative_mean": 5.7963015111026316e-05
    },
    "963.1": {
        "relative_max": 0.0014969310422835384,
        "relative_mean": 0.00023057546138691552
    },
    "941.5": {
        "relative_max": 0.0005136757804774253,
        "relative_mean": 7.448972417946222e-05
    },
    "1027.7": {
        "relative_max": 0.00040094856773230766,
        "relative_mean": 5.889527528417364e-05
    },
    "855.4": {
        "relative_max": 0.0002233124386730147,
        "relative_mean": 2.5490786820564545e-05
    },
    "1049.2": {
        "relative_max": 0.0006987337643444032,
        "relative_mean": 0.00010544290017047987
    },
    "866.2": {
        "relative_max": 0.0012650025355588526,
        "relative_mean": 0.00020065161737764335
    },
    "1167.7": {
        "relative_max": 0.00029615929361860403,
        "relative_mean": 3.187336328808755e-05
    },
    "995.4": {
        "relative_max": 0.00048318056068795656,
        "relative_mean": 7.053982254872095e-05
    },
    "833.8": {
        "relative_max": 0.00022174320775046835,
        "relative_mean": 1.8054770608380967e-05
    },
    "1038.5": {
        "relative_max": 0.0005288301221245075,
        "relative_mean": 7.554133289221107e-05
    },
    "1006.2": {
        "relative_max": 0.0004389996153653909,
        "relative_mean": 6.270824056593017e-05
    },
    "887.7": {
        "relative_max": 0.0006067569067490999,
        "relative_mean": 8.979379919560005e-05
    }
}